{"version": "1", "message": "ERROR: Hidden Testcases server unreachable.", "problem_id": "ads2_m2_a1_1", "user_id": "K.VAMSHIKRISHNA", "score": {"sample": {"0": {"execution_time": 0.2066974639892578, "passed": true}, "1": {"execution_time": 0.1984705924987793, "passed": true}, "2": {"execution_time": 0.2041776180267334, "passed": true}, "3": {"execution_time": 0.15076637268066406, "passed": true}, "4": {"execution_time": 0.11571145057678223, "passed": true}, "5": {"execution_time": 0.19842791557312012, "passed": true}, "6": {"execution_time": 0.2430579662322998, "passed": true}, "7": {"execution_time": 0.1307063102722168, "passed": true}, "8": {"execution_time": 0.18880939483642578, "passed": true}, "9": {"execution_time": 0.16472291946411133, "passed": true}, "10": {"execution_time": 0.17088747024536133, "passed": true}, "11": {"execution_time": 0.16127276420593262, "passed": true}, "12": {"execution_time": 0.18355107307434082, "passed": true}, "13": {"execution_time": 0.1941378116607666, "passed": true}, "14": {"execution_time": 0.20817875862121582, "passed": true}, "15": {"execution_time": 0.16872549057006836, "passed": true}, "16": {"execution_time": 0.17353248596191406, "passed": true}, "17": {"execution_time": 0.1962273120880127, "passed": true}, "18": {"execution_time": 0.21910762786865234, "passed": true}, "19": {"execution_time": 0.1875, "passed": true}, "20": {"execution_time": 0.15577268600463867, "passed": true}, "21": {"execution_time": 0.17052125930786133, "passed": true}, "22": {"execution_time": 0.2298579216003418, "passed": true}, "23": {"execution_time": 0.21971964836120605, "passed": true}}}, "check_style_score": "0/1"}